species,lon,lat
Pacific,-93.0387329,16.6454087
Pacific,-84.577893,9.8941058
Pacific,-99.494,17.178
Pacific,-84.7061727,10.0223307
Pacific,-85.3677059,10.1755842
Pacific,-96.0646248,15.7945799
Pacific,-96.3629991,15.8517248
Pacific,-103.942178,18.943081
Pacific,-103.8305697,19.376063
Pacific,-84.5026165,9.9541495
Pacific,-85.455674,10.14274
Pacific,-85.3873783,10.0287956
Pacific,-85.076866,9.647503
Pacific,-93.20609,16.4417308
Pacific,-84.7051091,9.8823591
Pacific,-85.037625,10.170935
Pacific,-100.24471,17.327188
Pacific,-84.611,9.808
Pacific,-85.7641983,10.1233719
Pacific,-84.4860314,9.9972887
Pacific,-84.849472,10.2095162
Pacific,-85.5848694,10.2601951
Pacific,-106.139998,23.227529
Pacific,-84.666729,9.9190962
Pacific,-85.5824232,10.52621
Pacific,-106.332947,23.4299623
Pacific,-101.6370964,17.6829513
Pacific,-97.76484,16.01638
Pacific,-96.0929489,15.8097621
Pacific,-104.9993574,19.4245951
Pacific,-99.7856294,16.986752
Pacific,-86.2687898,12.0515654
Pacific,-85.607221,10.6835
Pacific,-84.58139,9.905515
Pacific,-97.081878,15.9022525
Pacific,-84.6182013,9.7977921
Pacific,-85.3391552,10.4628382
Pacific,-84.4723183,9.96692
Pacific,-85.4336572,10.3951304
Pacific,-85.2629466,9.8639555
Pacific,-103.7603545,19.3611542
Pacific,-85.08545,9.6472689
Pacific,-105.3164252,20.3547637
Pacific,-85.378638,9.953568
Pacific,-85.5561161,9.8977068
Pacific,-96.0962963,15.801421
Pacific,-85.011692,9.746655
Pacific,-103.5992875,19.1382476
Pacific,-93.2755858,16.8329883
Pacific,-84.5989941,9.7607836
Pacific,-103.8581446,19.0902812
Pacific,-84.4951433,9.9210566
Pacific,-85.6483841,10.6740614
Pacific,-85.1038692,9.639498
Pacific,-85.6359386,10.8259717
Pacific,-84.5986748,9.9002011
Pacific,-85.4772307,10.7354059
Pacific,-104.1117217,19.290845
Pacific,-84.4372679,9.9304442
Pacific,-85.100743,9.675516
Pacific,-93.08333333,17
Pacific,-85.1338942,9.9536527
Pacific,-91.65053,15.9749897
Pacific,-98.8279009,16.5558191
Pacific,-84.6042829,9.8892018
Pacific,-96.58025,15.6705554
Pacific,-93.4621096,16.9309925
Pacific,-85.0248094,9.7110611
Pacific,-85.1277778,10.4525
Pacific,-84.5250401,9.9421402
Pacific,-100.8636761,17.2615912
Pacific,-85.4172206,10.3225111
Pacific,-85.0053406,9.9353731
Pacific,-85.225334,9.845714
Pacific,-84.5345876,10.0405859
Pacific,-84.545152,9.917754
Pacific,-85.3547768,10.0323192
Pacific,-85.175398,9.900316
Pacific,-85.1226636,9.6862493
Pacific,-103.515,18.38
Pacific,-85.0180606,9.9019744
Pacific,-84.8854265,10.0576
Pacific,-93.1792116,16.9101763
Pacific,-103.8197909,19.392226
Pacific,-85.4907175,9.8713968
Pacific,-86.319336,11.990897
Pacific,-84.7960538,10.0906203
Pacific,-96.1587338,15.7830046
Pacific,-101.719404,17.804087
Pacific,-84.5235933,9.9117656
Pacific,-85.6074372,10.8137445
Pacific,-85.3519034,10.532982
Pacific,-85.2986502,10.753162
Pacific,-85.0858498,10.4068648
Pacific,-85.4948287,10.9577084
Pacific,-105.9312916,23.41011
Pacific,-85.658748,9.937098
Pacific,-85.342885,10.445258
Pacific,-84.605589,9.8001476
Pacific,-85.9535551,11.7088113
Pacific,-96.0947514,15.8194242
Pacific,-93.1464404,16.7365987
Pacific,-86.2927634,12.0902795
Pacific,-103.8629461,18.9739252
Pacific,-85.5,10.67
Pacific,-85.4004407,9.8536419
Pacific,-104.7157788,19.225016
Pacific,-85.7595348,11.1581926
Pacific,-86.3144302,12.043014
Pacific,-96.384716,15.91044
Pacific,-85.0971667,9.6054954
Pacific,-84.852232,10.147119
Pacific,-93.3165964,16.8790631
Pacific,-93.133163,16.716522
Pacific,-104.7745621,19.2583704
Pacific,-85.002354,9.812434
Pacific,-85.6125667,10.6055171
Pacific,-96.5009528,15.6630193
Pacific,-85.1663589,10.2689787
Pacific,-85.4802455,10.858881
Pacific,-84.81255,10.19069
Pacific,-84.4880481,9.9342402
Pacific,-85.4051461,10.733971
Pacific,-105.038588,19.490769
Pacific,-92.2741377,16.1899944
Pacific,-85.4603666,10.619042
Pacific,-85.802536,10.310866
Pacific,-97.07622,15.946422
Pacific,-93.083771,16.814278
Pacific,-95.9291863,15.9060135
Pacific,-96.1435347,15.7853448
Pacific,-85.2789259,10.3486527
Pacific,-85.5564165,9.9164348
Pacific,-84.8536656,10.2278586
Pacific,-96.112248,15.79513
Pacific,-85.6287718,10.5752655
Pacific,-85.465708,10.132658
Pacific,-93.3006625,16.8133479
Pacific,-85.4128261,10.7248771
Pacific,-85.9611511,11.8418149
Pacific,-103.3195496,18.269782
Pacific,-85.496742,11.133342
Pacific,-93.2702351,16.8258413
Pacific,-105.7359209,22.8366936
Pacific,-93.112305,16.917608
Pacific,-96.0813618,15.7898997
Pacific,-97.0854,15.9175
Pacific,-96.1542606,15.7344867
Pacific,-105.488499,20.310801
Pacific,-86.2961268,11.9901675
Pacific,-105.0310349,19.442448
Pacific,-85.386569,10.739384
Pacific,-84.5057617,9.9093883
Pacific,-101.5697702,17.7456635
Pacific,-84.726122,10.1047844
Pacific,-85.6322908,10.1319829
Pacific,-85.5595922,9.8897799
Pacific,-91.8402925,15.7296267
Pacific,-93.4720016,16.929925
Pacific,-84.5916015,10.0160592
Pacific,-96.1931992,15.738331
Pacific,-84.554457,10.028477
Pacific,-85.0434278,10.1423959
Pacific,-93.064499,16.811113
Pacific,-84.655802,9.882577
Pacific,-101.4299011,17.5671925
Pacific,-84.723707,10.117701
Pacific,-86.1910057,12.0315138
Pacific,-102.396,18.0951
Pacific,-86.0349476,11.8835488
Pacific,-85.610001,10.859975
Pacific,-85.3854518,10.3611698
Pacific,-105.3894934,20.2632388
Pacific,-93.156221,16.648842
Pacific,-93.054886,16.838062
Pacific,-101.7235158,17.7837676
Pacific,-84.7299138,10.092235
Pacific,-103.8313173,18.9699075
Pacific,-85.311954,9.814167
Pacific,-96.1818695,15.7783778
Pacific,-101.7168479,17.7760018
Pacific,-84.6453849,9.8013722
Pacific,-85.384333,10.5211601
Pacific,-105.2119446,19.7676513
Pacific,-84.5627332,10.0294776
Pacific,-86.2484694,11.8461831
Pacific,-85.544481,9.877777
Pacific,-84.587715,9.928583
Pacific,-85.743645,10.856792
Pacific,-84.5286125,9.9331789
Pacific,-84.5807701,9.7853795
Pacific,-84.728061,10.0669
Pacific,-96.128574,15.743306
Pacific,-85.594058,10.871638
Pacific,-102.6316667,18.08
Pacific,-84.9799961,10.2686083
Pacific,-96.0758686,15.8187635
Pacific,-93.0140305,16.6999979
Pacific,-102.0227735,18.013738
Pacific,-92.9075626,16.7103446
Pacific,-105.9131987,23.4017
Pacific,-106.2174082,23.4993304
Pacific,-93.124631,16.7144022
Pacific,-96.1055124,15.9938487
Pacific,-85.092319,9.678156
Pacific,-85.2547216,9.7796336
Pacific,-84.45917,9.930913
Pacific,-92.3266125,16.1939045
Pacific,-84.993288,9.8071084
Pacific,-85.492498,10.855836
Pacific,-85.5710852,10.5278186
Pacific,-84.98336,10.17625
Pacific,-105.124916,19.593969
Pacific,-85.7922408,10.3312865
Pacific,-93.12,16.75
Pacific,-105.0203705,19.451054
Pacific,-85.9483411,11.9306354
Pacific,-93.0779555,16.7927785
Pacific,-84.957002,10.189303
Pacific,-93.4815774,16.9175233
Pacific,-85.098681,9.7842
Pacific,-93.2283068,16.9015536
Pacific,-96.4042106,15.6926651
Pacific,-106.5905571,23.6843517
Pacific,-85.2293895,9.8146046
Pacific,-99.51,17.0008333
Pacific,-85.2502323,10.0414694
Pacific,-86.2120508,11.90827
Pacific,-99.725683,16.746747
Pacific,-85.002023,9.763953
Pacific,-96.5267,15.6656
Pacific,-84.7258326,9.9424358
Pacific,-96.1105091,15.7708843
Pacific,-99.4447474,16.6962066
Pacific,-84.5090432,9.8343639
Pacific,-85.6477746,10.1041894
Pacific,-101.6045022,17.6650212
Pacific,-85.1493032,10.33799
Pacific,-85.6755066,10.8292595
Pacific,-85.4108047,10.4819885
Pacific,-84.5272807,9.8789683
Pacific,-85.3221617,10.3560406
Pacific,-105.37862,20.376188
Pacific,-85.058899,10.1372
Pacific,-93.074406,16.831715
Pacific,-84.6703407,9.9920018
Pacific,-85.8373747,10.3196819
Pacific,-85.214,9.805
Pacific,-104.2890332,19.1002004
Pacific,-84.6173,9.8585986
Pacific,-99.46666667,17.35
Pacific,-85.3543668,10.1492146
Pacific,-85.3207684,10.10355
Pacific,-86.3415317,12.0358094
Pacific,-85.7810715,10.4832903
Pacific,-99.5778395,17.1155252
Pacific,-93.1462097,16.9021941
Pacific,-85.0386,9.7269
Pacific,-86.2169909,11.8500472
Pacific,-85.3384817,10.3450536
Pacific,-85.451405,10.6174892
Pacific,-84.5604062,9.9770686
Pacific,-85.2283301,9.9578608
Pacific,-85.1268178,9.5993112
Pacific,-85.1877603,10.2098673
Pacific,-85.2597732,9.8747241
Pacific,-96.0796022,15.8327604
Pacific,-93.8078731,17.041932
Pacific,-86.4935696,11.9271286
Pacific,-85.7918509,10.5084795
Pacific,-93.6152,16.9186614
Pacific,-85.1337131,9.9640952
Pacific,-84.7385268,9.9523207
Pacific,-85.8275634,10.2932474
Pacific,-85.4432764,10.625107
Pacific,-99.61769,16.69493
Pacific,-92.925833,16.768333
Pacific,-84.5233015,9.8979313
Pacific,-84.828833,10.215711
Pacific,-104.9487242,19.3284075
Pacific,-85.1768603,9.7029911
Pacific,-101.5963268,17.6455761
Pacific,-84.5694048,9.9767126
Pacific,-85.5028152,9.9447517
Pacific,-104.50687,19.15232
Pacific,-85.5958,10.7139
Pacific,-85.0756991,9.6971155
Pacific,-84.5019514,10.0132276
Pacific,-96.1408,15.741554
Pacific,-103.3497236,18.3222217
Pacific,-85.1273918,10.1836947
Pacific,-85.397,10.713
Pacific,-96.1390042,15.7665514
Pacific,-85.104255,9.622513
Pacific,-85.4704349,9.8763504
Pacific,-85.246825,9.868745
Pacific,-84.5875305,9.8883665
Pacific,-99.5192,17.1812
Pacific,-85.2557641,10.5268749
Pacific,-99.5229833,17.1164389
Pacific,-85.4424329,10.7724031
Pacific,-92.1062935,16.1411134
Pacific,-85.31359,10.74999
Pacific,-84.6361861,9.7821806
Pacific,-101.633487,17.670266
Pacific,-96.5245914,15.9831879
Pacific,-93.106248,16.828401
Pacific,-85.341711,10.1773308
Pacific,-96.2622551,15.7494783
Pacific,-84.6586687,10.0143777
Pacific,-85.5308175,10.5918134
Pacific,-93.490941,16.8438
Pacific,-91.679948,16.1068856
Pacific,-85.374107,9.897864
Pacific,-85.39245,10.0207
Pacific,-85.7225,10.0383333
Pacific,-85.3532124,10.3537159
Pacific,-84.8367384,10.1338012
Pacific,-86.30373,12.071887
Pacific,-96.2339603,15.6928954
Pacific,-85.0937,9.5878
Pacific,-105.2149057,20.013597
Pacific,-86.2809683,12.0107217
Pacific,-105.4550171,20.2499577
Pacific,-104.7640228,19.2657222
Pacific,-99.5527006,17.2749283
Pacific,-85.3696099,10.5043825
Pacific,-93.4552479,16.8775197
Pacific,-92.1502304,16.1873104
Pacific,-86.2662533,11.8758558
Pacific,-104.7292166,19.3409374
Pacific,-105.3282643,20.3011349
Pacific,-85.4178751,9.9221841
Pacific,-85.1390648,10.2663138
Pacific,-85.1775974,9.6503651
Pacific,-105.9454461,23.384779
Pacific,-85.109642,9.6328068
Pacific,-93.4750654,16.8078513
Pacific,-106.709722,23.656667
Pacific,-104.5766,19.518582
Pacific,-96.4189627,15.6971395
Pacific,-85.4037505,10.4940011
Pacific,-85.58592,10.876225
Pacific,-92.1894386,16.1931717
Pacific,-85.3518068,10.1369711
Pacific,-93.1832671,16.9176396
Pacific,-84.7033153,9.9913019
Pacific,-85.3705091,10.5200401
Pacific,-85.2569777,10.4330562
Pacific,-99.5894766,16.7381586
Pacific,-105.3765678,20.2840968
Pacific,-84.8115993,10.0119337
Pacific,-92.983937,16.696723
Pacific,-84.8679214,10.0987293
Pacific,-91.7074332,16.1062382
Pacific,-103.9365414,19.3195979
Pacific,-96.1551135,15.7909771
Pacific,-93.0945,16.808444
Pacific,-100.1943898,17.4221123
Pacific,-104.99734,19.47764
Pacific,-85.6734896,10.8440542
Pacific,-93.2867662,16.8283797
Pacific,-103.7247179,19.2707342
Pacific,-85.02491,9.7382433
Pacific,-103.69176,19.18094
Pacific,-93.6642893,17.0008664
Pacific,-85.6480837,10.6426621
Pacific,-84.553163,9.8035352
Pacific,-86.1620745,11.8292825
Pacific,-85.1528148,9.6870937
Pacific,-86.1850858,11.9075116
Pacific,-104.8950005,19.3483998
Pacific,-93.164546,16.818192
Pacific,-101.54718,17.680029
Pacific,-85.383051,9.883703
Pacific,-104.4947,19.165316
Pacific,-93.0590167,16.8190119
Pacific,-84.475405,9.9530517
Pacific,-84.5208635,9.9561986
Pacific,-103.7118816,19.062618
Pacific,-84.5263172,9.8410566
Pacific,-85.9249152,11.3354896
Pacific,-84.612687,10.0810964
Pacific,-103.3868086,19.1461716
Pacific,-104.50755,19.14316
Pacific,-84.9360751,10.2894849
Pacific,-84.679271,9.996844
Pacific,-85.3265885,10.3657374
Pacific,-93.0235701,16.7090203
Pacific,-86.010243,11.854263
Pacific,-96.4734472,15.6835235
Pacific,-85.507187,11.487918
Pacific,-84.47695,9.943689
Pacific,-101.43942,17.572616
Pacific,-97.07676667,15.91698333
Pacific,-86.0443836,11.9680745
Pacific,-85.0067139,9.871452
Pacific,-84.9819531,9.903246
Pacific,-85.196451,9.800773
Pacific,-85.6418925,10.8168807
Pacific,-86.3083473,11.9723416
Pacific,-84.8880339,10.2719181
Pacific,-84.770488,10.0771504
Pacific,-85.1560357,10.2592027
Pacific,-104.5918259,19.740647
Pacific,-84.910362,9.822399
Pacific,-85.1467305,9.9447573
Pacific,-93.3570099,16.8084028
Pacific,-98.0249119,16.4159149
Pacific,-85.3882432,10.5036552
Pacific,-85.6892,10.9921056
Pacific,-96.0922086,15.987129
Pacific,-85.61591,10.82775
Pacific,-93.5063553,16.8472623
Pacific,-96.1945,15.76953
Pacific,-97.66328,16.00074
Pacific,-96.0205078,15.823966
Pacific,-86.513257,11.8674559
Pacific,-99.5671143,17.3063394
Pacific,-85.0745416,9.6747495
Pacific,-97.861871,16.117506
Pacific,-93.121223,16.918152
Pacific,-104.7869039,19.2979058
Pacific,-95.7824564,15.9248881
Pacific,-97.0656837,16.0147121
Pacific,-93.326667,16.863333
Pacific,-91.8850565,15.8310676
Pacific,-84.9491783,10.2662717
Pacific,-91.7524206,15.6907028
Pacific,-85.3541565,10.4567523
Pacific,-85.2803206,10.0773118
Pacific,-105.4114292,20.3146841
Pacific,-84.6388005,9.8523407
Pacific,-85.184682,9.661577
Pacific,-103.8774836,19.3047156
Pacific,-84.5679109,10.0413988
Pacific,-93.6122,16.91
Pacific,-85.6432768,9.9095738
Pacific,-85.6191158,10.8378582
Pacific,-84.57169,9.8642067
Pacific,-85.5968857,10.192199
Pacific,-95.937401,15.872111
Pacific,-85.4329813,10.5139105
Pacific,-85.4636617,10.114371
Pacific,-93.1510304,16.7279805
Pacific,-85.2715445,10.2393333
Pacific,-84.628521,10.094322
Pacific,-91.7744695,15.8895167
Pacific,-93.3734374,16.7773026
Pacific,-105.0572222,19.6080556
Pacific,-103.794997,19.420978
Pacific,-85.116212,9.727946
Pacific,-96.6163176,15.6842268
Pacific,-85.6645203,10.7901408
Pacific,-85.2603425,9.9781153
Pacific,-85.0480557,9.7300601
Pacific,-105.497755,20.31817
Pacific,-97.1015882,15.8714238
Pacific,-99.7625213,16.8220563
Pacific,-103.7348239,18.9070376
Pacific,-97.7561348,16.1825504
Pacific,-85.5767691,9.8871903
Pacific,-101.5776665,17.6404633
Pacific,-85.0068299,9.912277
Pacific,-84.618743,10.011681
Pacific,-105.4638962,20.446015
Pacific,-85.6851197,10.5561428
Pacific,-98.74725,16.836167
Pacific,-84.9555628,10.1252799
Pacific,-96.1465931,15.774936
Pacific,-93.0125821,16.3608184
Pacific,-85.5371389,10.5999211
Pacific,-93.0587899,16.7810373
Pacific,-86.0907783,11.9379233
Pacific,-86.0789216,11.726306
Pacific,-84.9958693,9.9892635
Pacific,-85.0616321,9.942016
Pacific,-99.856401,17.194225
Pacific,-99.461028,17.356889
Pacific,-92.1179621,16.2255388
Pacific,-101.5924485,17.6727572
Pacific,-106.6723652,23.6372276
Pacific,-85.1939317,9.6925135
Pacific,-85.074164,9.7390555
Pacific,-93.3549414,16.300686
Pacific,-84.6480337,9.867198
Pacific,-103.8302395,19.3884891
Pacific,-101.6232722,17.7531194
Pacific,-84.6062064,9.7801992
Pacific,-85.1562571,9.9474405
Pacific,-96.048118,15.796819
Pacific,-85.2654248,10.5488667
Pacific,-93.4402299,16.8046372
Pacific,-99.510194,17.208288
Pacific,-85.2162078,9.7198938
Pacific,-85.6714298,9.9456663
Pacific,-99.45431,17.37928889
Pacific,-85.613132,10.848181
Pacific,-85.5940786,10.206447
Pacific,-92.1878662,16.1837711
Pacific,-85.3905155,10.0084425
Pacific,-84.677118,9.972647
Pacific,-101.0459983,17.2814471
Pacific,-85.2602119,10.4699192
Pacific,-85.0875235,9.6214833
Pacific,-85.0623322,10.3230258
Pacific,-85.194853,9.816744
Pacific,-85.468365,10.1497046
Pacific,-86.3379502,12.063923
Pacific,-93.2194531,16.5609233
Pacific,-101.72353,17.793212
Pacific,-85.1016908,9.5777074
Pacific,-103.8394153,19.3575652
Pacific,-84.7131516,9.9909276
Pacific,-84.64856,10.1193998
Pacific,-85.1103973,9.5709594
Pacific,-105.339375,20.3244235
Pacific,-103.8544288,19.0652352
Pacific,-103.751046,19.2965478
Pacific,-84.5310385,9.9044065
Pacific,-92.1446943,16.2817241
Pacific,-95.7274485,15.9580826
Pacific,-86.3356177,12.0734887
Pacific,-85.3167236,10.1853036
Pacific,-84.9259676,9.7871286
Pacific,-85.2772522,9.9519432
Pacific,-96.2187338,15.7807208
Pacific,-85.9256172,12.0312619
Pacific,-99.827925,17.243138
Pacific,-97.0753402,15.8899454
Pacific,-96.1681325,15.756673
Pacific,-105.93705,23.403406
Pacific,-84.5678559,9.9554119
Pacific,-85.4054403,10.7970543
Pacific,-86.265125,12.016712
Pacific,-95.9709406,15.838886
Pacific,-104.9269867,19.6029622
Pacific,-95.6676,16.0278
Pacific,-85.4022646,10.0115802
Pacific,-85.1317885,10.1764016
Pacific,-104.9597418,19.4108056
Pacific,-84.7067148,10.1035338
Pacific,-85.7052114,10.8378938
Pacific,-93.197423,16.852338
Pacific,-103.8048135,19.021858
Pacific,-84.8350105,10.187434
Pacific,-100.2401483,17.02194
Pacific,-85.617437,10.890012
Pacific,-85.1579763,10.171869
Pacific,-84.6257383,9.7776088
Pacific,-85.73204,10.48056
Pacific,-105.4692328,20.3991502
Pacific,-106.7012787,24.0848293
Pacific,-84.6627454,9.8260495
Pacific,-104.4556797,19.1441648
Pacific,-86.2684127,12.0852611
Pacific,-103.8682385,19.0305912
Pacific,-93.4534388,16.9224718
Pacific,-96.9384758,15.7861508
Pacific,-85.1539856,9.9383509
Pacific,-84.985644,9.748558
Pacific,-84.622678,9.8803
Pacific,-85.2539063,10.0229484
Pacific,-85.4675817,10.0837976
Pacific,-96.5652683,15.6824967
Pacific,-86.2665367,11.8602531
Pacific,-85.1255894,9.6087049
Pacific,-105.1733333,19.6458333
Pacific,-101.55111,17.64444
Pacific,-84.938252,9.784812
Pacific,-85.3433674,10.3529262
Pacific,-84.720506,10.005321
Pacific,-85.4810786,10.7213755
Pacific,-105.374068,20.3535998
Pacific,-84.5351476,9.9220246
Pacific,-85.599248,10.837649
Pacific,-85.3747628,10.7768538
Pacific,-103.6613274,19.2434762
Pacific,-85.6459808,10.0009723
Pacific,-84.6571428,9.8502187
Pacific,-91.8317642,15.7295258
Pacific,-85.305943,10.0035829
Pacific,-86.191684,11.8666661
Pacific,-104.765423,19.291225
Pacific,-85.513919,10.191237
Pacific,-96.5099161,15.6632475
Pacific,-92.6315689,16.3438612
Pacific,-85.2794112,9.8685609
Pacific,-99.8277777,17.3055555
Pacific,-107.3856104,24.8234262
Pacific,-85.0508523,10.1463374
Pacific,-92.3981094,16.2232457
Pacific,-93.342739,16.761124
Pacific,-85.4036862,9.86196
Pacific,-93.1012691,16.7063753
Pacific,-105.3379011,20.0480297
Pacific,-85.3893185,10.7535466
Pacific,-85.173994,10.292905
Pacific,-97.296111,16.114722
Pacific,-96.1834654,15.7163805
Pacific,-84.589465,9.9087617
Pacific,-97.167222,15.925278
Pacific,-85.565373,9.972693
Pacific,-85.3856826,10.2026762
Pacific,-105.0442778,19.49872222
Pacific,-84.4882133,9.9150567
Pacific,-84.5657212,9.7863279
Pacific,-85.0986087,10.2525849
Pacific,-96.4194987,15.9265886
Pacific,-93.378611,17.054167
Pacific,-85.598796,10.703411
Pacific,-86.134131,11.842287
Pacific,-106.469683,23.312374
Pacific,-84.9491312,9.7798906
Pacific,-85.5888263,10.2845012
Pacific,-99.5918694,17.0119944
Pacific,-93.470712,16.835942
Pacific,-105.349499,20.3404119
Pacific,-84.6829615,10.0893373
Pacific,-99.5741722,17.0934056
Pacific,-105.0845146,19.5750499
Pacific,-85.5384779,10.9703058
Pacific,-84.578445,9.852311
Pacific,-84.887049,9.832482
Pacific,-85.659366,11.207145
Pacific,-93.168182,16.907055
Pacific,-84.4814787,9.9789866
Pacific,-100.1366,16.96306
